{
    "Name": "Wellness 360 Counseling Services",
    "RootLink": "https://www.utsa.edu/students/wellbeing/services/counseling.html",
    "Info": "UTSA utilizes an integrated approach to student physical and mental health to promote student success and wellbeing. The Wellness 360 counseling center provides short-term individual counseling, group counseling, and psychiatry. To learn more or start services, please call 210-458-4142, and ask to schedule an in-person appointment. All of the counseling and mental health services offered by Wellness 360 are completely free for all registered UTSA students.",
    "Services": [
        {
            "service_name": "Individual Counseling",
            "description": "Going to college can be a time of growth and stress. Many students experience personal turmoil during this process and some come face to face with crisis and confusion. The Wellness 360 counseling staff is available to help students with any issue or concern that they may encounter. In a comfortable and confidential setting, students can examine issues such as gaining independence, managing new relationships, balancing academic stresses, or about making meaningful career decisions.",
            "utilization": ["Anxiety", "Depression", "Relationship Distress", "Eating Disorders", "Anger Management Issues", "OCD", "Alcohol/Substance Abuse", "Low Self-Esteem", "Coping With HIV Or Other STD's", "Self-defeating behaviors", "Sexual Problems", "Thoughts Of Harming Self Or Others"],
            "link": "https://www.utsa.edu/students/wellbeing/services/counseling.html#individual-counseling"
        },
        {
            "service_name": "Group Workshops",
            "description": "Group workshops is a great way meet new people, discuss the challenges you have been experiencing, and get a fresh perspective. By joining one of our groups, you will build support, learn about yourself, but most importantly, you will be reminded that you are not alone. ",
            "utilization": ["Mental Health Events (See Link For More Info)"],
            "link": "https://www.utsa.edu/students/wellbeing/services/group.html"
        },
        {
            "service_name": "Screening Services",
            "description": "The University of Texas at San Antonio offers a variety of screening and assessment services.",
            "utilization": ["Alcohol", "Anxiety", "Cannabis", "Eating Disorders", "Bipolar Disorder", "Post-Traumatic Stress Disorder (PTSD)", "Depression", "RX Drug Disorder"],
            "link": "https://www.utsa.edu/students/wellbeing/services/counseling.html#screening-services"
        }
    ],
    "ContactNumber": "210-458-4142",
    "ContactEmail": "wellbeing.education@utsa.edu",
    "OfficeHours": [
        {"weekdays": "8:00am - 5:00pm"},
        {"weekends": "Closed"}
    ],
    "CampusLocation": "Recreation Wellness Center (RWC) 1.810. Main Campus. 1 UTSA Circle. San Antonio, TX 78249",
    "ExcludedServices": [
    {
        "service_name": "Emergency Situations",
        "description": "If your situation is a crisis or emergency, and it is during business hours, please walk in to our office, at RWC 1.500, and indicate that you have emergency concerns. If you have a crisis or emergency after business hours, contact our helpline at 210-458-4140, select option 3.",
        "utilization": ["I am concerned about being able to stay safe or keep myself safe.", "I currently plan to kill or harm myself.", "I have taken steps to end my life in the last two weeks.", "I am afraid I might physically hurt someone else.", "I hear or see things others do not."],
        "link": "https://www.utsa.edu/students/wellbeing/services/counseling.html#emergency"
    }]

}